{"cameraMode":{"drawMode":0,"name":"Shaded","section":"Shading Mode"},"sceneLighting":true,"audioPlay":false,"sceneViewState":{"showFog":true,"showMaterialUpdate":false,"showSkybox":true,"showFlares":true,"showImageEffects":true,"showParticleSystems":true},"in2DMode":false,"pivot":{"x":-1.8191452026367188,"y":3.1875,"z":-5.894775390625},"rotation":{"x":0.10091418772935868,"y":-0.669760525226593,"z":0.09260706603527069,"w":0.7298377156257629},"size":25.850757598876954,"orthographic":true}